--

--실습문제--

--도서관리 프로그램을 만들기 위한 테이블을 만들기

--이때, 제약조건에 이름을 부여할 것

-- 각 컬럼에 주석달기


--1. 출판사들에 대한 데이터를 담기 위한 출판사 테이블(TB_PUBLISHER)

--컬럼: PUB_NO(출판사번호) --기본키(PUBLISHER_PK - 제약조건이름)
-- PUB_NAME(출판사명) --NOT NULL(PUBLICHSER_NN)
-- PHONE(출판사전화번호) --제약조건 없음

--3개 정도의 샘플 데이터 추가하기

CREATE TABLE TB_PUBLISHER(
    PUB_NO NUMBER CONSTRAINT PUBLISHER_PK PRIMARY KEY,
    PUB_NAME VARCHAR2(100) CONSTRAINT PUBLISHER_NN NOT NULL,
    PHONE VARCHAR2(20)
);

COMMENT ON COLUMN TB_PUBLISHER.PUB_NO IS '출판사번호';
COMMENT ON COLUMN TB_PUBLISHER.PUB_NAME IS '출판사명';
COMMENT ON COLUMN TB_PUBLISHER.PHONE IS '출판사전화번호';


INSERT INTO TB_PUBLISHER
    VALUES(1, '쌤앤파커스', '023335555');
INSERT INTO TB_PUBLISHER
    VALUES(2, '메이븐', '023346666');
INSERT INTO TB_PUBLISHER
    VALUES(3, '웅진지식하우스', '025557777');


--2. 도서들에 대한 데이터를 담기 위한 도서 테이블(TB_BOOK)

--컬럼: BK_NO(도서번호) --기본키(BOOK_PK)
-- BK_TITLE(도서명) --NOT NULL(BOOK_NN_TITLE)
-- BK_AUTHOR(저자명) --NOT NULL(BOOK_NN_AUTHOR)
-- BK_PRICE(가격)
-- BK_STOCK(재고) --기본값 1로 지정 -- 디폴트
-- BK_PUB_NO(출판사번호) --외래키(BOOK_FK)(TB_PUBLISHER 테이블을 참조하도록)
-- 이때 참조하고 있는 부모데이터 삭제 시 자식데이터도 삭제되도록 설정
--5개 정도의 샘플 데이터 추가하기

CREATE TABLE TB_BOOK(
    BK_NO NUMBER CONSTRAINT BOOK_PK PRIMARY KEY,
    BK_TITLE VARCHAR2(150) CONSTRAINT BOOK_NN_TITLE NOT NULL,
    BK_AUTHOR VARCHAR2(100) CONSTRAINT BOOK_NN_AUTHOR NOT NULL,
    BK_PRICE NUMBER,
    BK_STOCK NUMBER DEFAULT 1,
    BK_PUB_NO NUMBER REFERENCES TB_PUBLISHER ON DELETE CASCADE
    );
    
COMMENT ON COLUMN TB_BOOK.BK_NO IS '도서번호';
COMMENT ON COLUMN TB_BOOK.BK_TITLE IS '도서명';
COMMENT ON COLUMN TB_BOOK.BK_AUTHOR IS '저자명';
COMMENT ON COLUMN TB_BOOK.BK_PRICE IS '가격';
COMMENT ON COLUMN TB_BOOK.BK_STOCK IS '재고';
COMMENT ON COLUMN TB_BOOK.BK_PUB_NO IS '출판사번호';

INSERT INTO TB_BOOK
    VALUES(1, '천원을 경영하라', '박정부', 14400, 50, 1);
INSERT INTO TB_BOOK
    VALUES(2, '만일 내가 인생을 다시산다면', '김혜남', 15480, 80, 2);
INSERT INTO TB_BOOK
    VALUES(3, '역행자', '자청', 15750, 120, 3);
INSERT INTO TB_BOOK
    VALUES(4, '만원을 경영하라', '정부박', 18800, 110, 1);
INSERT INTO TB_BOOK
    VALUES(5, '역행자2', '자청', 16500, 200, 3);

--3. 회원에 대한 데이터를 담기 위한 회원 테이블(TB_MEMBER)

--컬럼명: MEMBER_NO(회원번호) --기본키(MEMBER_PK)
-- MEMBER_ID(아이디) --중복금지(MEMBER_UQ)
--MEMBER_PWD(비밀번호) NOT NULL(MEMBER_NN_PWD)
--MEMBER_NAME(회원명) NOT NULL(MEMBER_NN_NAME)
--GENDER(성별) 'M' 또는 'F'로 입력되도록 제한(MEMBER_CK_GEN)
--ADDRESS(주소)
--PHONE(연락처)
--STATUS(탈퇴여부) --기본값으로 'N' 그리고 'Y' 혹은 'N'으로 입력되도록 제약조건(MEMBER_CK_STA)
--ENROLL_DATE(가입일) --기본값으로 SYSDATE, NOT NULL 조건(MEMBER_NN_EN)

--5개 정도의 샘플 데이터 추가하기

CREATE TABLE TB_MEMBER(
    MEMBER_NO NUMBER CONSTRAINT MEMBER_PK PRIMARY KEY,
    MEMBER_ID VARCHAR(50) CONSTRAINT MEMBER_UQ UNIQUE,
    MEMBER_PWD VARCHAR(50) CONSTRAINT MEMBER_NN_PWD NOT NULL,
    MEMBER_NAME VARCHAR(50) CONSTRAINT MEMBER_NN_NAME NOT NULL,
    GENDER CHAR(3) CONSTRAINT MEMBER_CK_GEN CHECK (GENDER IN ('M','F')),
    ADDRESS VARCHAR(150),
    PHONE VARCHAR(50),
    STATUS CHAR(3) DEFAULT 'N' CONSTRAINT MEMBER_CK_STA CHECK (STATUS IN ('Y','N')),
    ENROLL_DATE DATE DEFAULT SYSDATE CONSTRAINT MEMBER_NN_EN NOT NULL
    );


COMMENT ON COLUMN TB_MEMBER.MEMBER_NO IS '회원번호';
COMMENT ON COLUMN TB_MEMBER.MEMBER_ID IS '아이디';
COMMENT ON COLUMN TB_MEMBER.MEMBER_PWD IS '비밀번호';
COMMENT ON COLUMN TB_MEMBER.MEMBER_NAME IS '회원명';
COMMENT ON COLUMN TB_MEMBER.GENDER IS '성별';
COMMENT ON COLUMN TB_MEMBER.ADDRESS IS '주소';
COMMENT ON COLUMN TB_MEMBER.PHONE IS '연락처';
COMMENT ON COLUMN TB_MEMBER.STATUS IS '탈퇴여부';
COMMENT ON COLUMN TB_MEMBER.ENROLL_DATE IS '가입일';

INSERT INTO TB_MEMBER
    VALUES(1, 'user01', 'pass01', '김김김', 'M', '서울시 용산구', '01011223344', null, '21/12/21');
INSERT INTO TB_MEMBER
    VALUES(2, 'user02', 'pass02', '이이이', 'F', '서울시 서초구', '01022115566', null, '22/02/22');
INSERT INTO TB_MEMBER
    VALUES(3, 'user03', 'pass03', '박박박', 'M', '경기도 하남시', '01022223333', 'Y', DEFAULT);
INSERT INTO TB_MEMBER
    VALUES(4, 'user04', 'pass04', '정정정', 'M', '서울시 마포구', '01055667788', null, '22/11/11');
INSERT INTO TB_MEMBER
    VALUES(5, 'user05', 'pass05', '김이박', 'M', '경기도 성남시', '01022111122', null, DEFAULT);


--4. 도서를 대여한 회원에 대한 데이터를 담기 위한 대여목록 테이블(TB_RENT)
--컬럼:

--RENT_NO(대여번호) --기본키(RENT_PK)
--RENT_MEM_NO(대여회원번호) --외래키(RENT_FK_MEM) TB_MEMBER와 참조하도록
--이때 부모데이터 삭제 시 NULL값이 되도록 옵션 설정
--RENT_BOOK_NO(대여도서번호) --외래키(RENT_FK_BOOK) TB_BOOK와 참조하도록
--이때 부모데이터 삭제 시 NULL값이 되도록 옵션설정
--RENT_DATE(대여일) --기본값 SYSDATE
--샘플데이터 3개정도 추가하기

CREATE TABLE TB_RENT(
    RENT_NO NUMBER CONSTRAINT RENT_PK PRIMARY KEY,
    RENT_MEM_NO NUMBER CONSTRAINT RENT_FK_MEM REFERENCES TB_MEMBER ON DELETE SET NULL,
    RENT_BOOK_NO NUMBER CONSTRAINT RENT_FK_BOOK REFERENCES TB_BOOK ON DELETE SET NULL,
    RENT_DATE DATE DEFAULT SYSDATE
    );
    
COMMENT ON COLUMN TB_RENT.RENT_NO IS '대여번호';
COMMENT ON COLUMN TB_RENT.RENT_MEM_NO IS '대여회원번호';
COMMENT ON COLUMN TB_RENT.RENT_BOOK_NO IS '대여도서번호';
COMMENT ON COLUMN TB_RENT.RENT_DATE IS '대여일';

/*
DROP TABLE TB_PUBLISHER;
DROP TABLE TB_BOOK;
DROP TABLE TB_MEMBER;
DROP TABLE TB_RENT;
*/

INSERT INTO TB_RENT
    VALUES(111, 2, 2, '22/12/05');
INSERT INTO TB_RENT
    VALUES(222, 3, 4, '22/11/30');
INSERT INTO TB_RENT
    VALUES(333, 1, 1, DEFAULT);
INSERT INTO TB_RENT
    VALUES(444, 1, 2, DEFAULT);
    

--2번 도서를 대여한 회원의 이름, 아이디, 대여일, 반납예정일(대여일+7)을 조회하시오.

SELECT MEMBER_NAME, MEMBER_ID, RENT_DATE, RENT_DATE + 7 AS "반납예정일"
FROM TB_MEMBER
JOIN TB_RENT ON (MEMBER_NO = RENT_MEM_NO)
WHERE RENT_BOOK_NO = 2;



